{"cameraMode":{"drawMode":0,"name":"Shaded","section":"Shading Mode"},"sceneLighting":true,"audioPlay":false,"sceneViewState":{"m_AlwaysRefresh":false,"showFog":true,"showSkybox":true,"showFlares":true,"showImageEffects":true,"showParticleSystems":true,"showVisualEffectGraphs":true,"m_FxEnabled":true},"in2DMode":false,"pivot":{"x":0.38977330923080447,"y":-4.802303791046143,"z":1.5139844417572022},"rotation":{"x":-0.6162381768226624,"y":0.00046612173900939524,"z":-0.00036402783007360995,"w":-0.7876559495925903},"size":8.920221328735352,"orthographic":false}